{
    "Audio ambientale": "folla",
    "snr": 35.0,
    "Threshold Modello Originale": 0.714,
    "EER (%)": 27.28245037034694,
    "min_DCF": 0.7736788888422176,
    "Accuracy (%)": 78.68178392679548,
    "Recall (%)": 82.39552508652434,
    "Precision (%)": 89.98738701708999,
    "# Correctly Missclassified ": 19161,
    "# Da misclassificare": 434960,
    "Accuracy Misclassified (%)": 4.40523266507265,
    "Recovery Rate (%)": 28.78207762130664,
    "# Misclassified Recovered": 30821,
    "# Da recuperare": 107084,
    "Effetto Attacco (%)": -2.1509502182310554,
    "FAR (%)": 27.282471533676233,
    "AUC": 0.7950680234658192,
    "Total Samples": 680723,
    "Total adv samples": 542086,
    "True Positive": 446620,
    "True Negative": 88985,
    "False Positive": 49694,
    "False Negative": 95424
}