{
    "Audio ambientale": "folla",
    "snr": 25.0,
    "Threshold Modello Originale": 0.714,
    "EER (%)": 26.69471873212581,
    "min_DCF": 0.7686561495832831,
    "Accuracy (%)": 80.27318013347573,
    "Recall (%)": 84.39407133000273,
    "Precision (%)": 90.20126314461093,
    "# Correctly Missclassified ": 24482,
    "# Da misclassificare": 434960,
    "Accuracy Misclassified (%)": 5.628563546073202,
    "Recovery Rate (%)": 43.86743117552576,
    "# Misclassified Recovered": 46975,
    "# Da recuperare": 107084,
    "Effetto Attacco (%)": -4.149341617381744,
    "FAR (%)": 26.69469637151228,
    "AUC": 0.8010453207182537,
    "Total Samples": 680723,
    "Total adv samples": 542086,
    "True Positive": 457453,
    "True Negative": 88985,
    "False Positive": 49694,
    "False Negative": 84591
}