{
    "Audio ambientale": "folla",
    "snr": 10.0,
    "Threshold Modello Originale": 0.714,
    "EER (%)": 30.54898080963651,
    "min_DCF": 0.8762725564926298,
    "Accuracy (%)": 74.88655444284974,
    "Recall (%)": 77.6293068459387,
    "Precision (%)": 89.43757319667827,
    "# Correctly Missclassified ": 77478,
    "# Da misclassificare": 434960,
    "Accuracy Misclassified (%)": 17.812672429648703,
    "Recovery Rate (%)": 59.115273990512115,
    "# Misclassified Recovered": 63303,
    "# Da recuperare": 107084,
    "Effetto Attacco (%)": 2.6148987430038777,
    "FAR (%)": 30.548996022463122,
    "AUC": 0.7537144725119582,
    "Total Samples": 680723,
    "Total adv samples": 542086,
    "True Positive": 420785,
    "True Negative": 88985,
    "False Positive": 49694,
    "False Negative": 121259
}