{
    "Audio ambientale": "folla",
    "snr": 15.0,
    "Threshold Modello Originale": 0.714,
    "EER (%)": 28.462106271471978,
    "min_DCF": 0.822144109355497,
    "Accuracy (%)": 78.11576808775375,
    "Recall (%)": 81.6846971832545,
    "Precision (%)": 89.9090486353234,
    "# Correctly Missclassified ": 51666,
    "# Da misclassificare": 434960,
    "Accuracy Misclassified (%)": 11.878333639874931,
    "Recovery Rate (%)": 55.538642560980165,
    "# Misclassified Recovered": 59473,
    "# Da recuperare": 107084,
    "Effetto Attacco (%)": -1.440177388827603,
    "FAR (%)": 28.46208056910509,
    "AUC": 0.7779652777588713,
    "Total Samples": 680723,
    "Total adv samples": 542086,
    "True Positive": 442767,
    "True Negative": 88985,
    "False Positive": 49694,
    "False Negative": 99277
}