{
    "Audio ambientale": "pioggia",
    "snr": 10.0,
    "Threshold Modello Originale": 0.714,
    "EER (%)": 43.84733249377638,
    "min_DCF": 1.0,
    "Accuracy (%)": 73.18248391783442,
    "Recall (%)": 84.8872047287674,
    "Precision (%)": 82.05385181922423,
    "# Correctly Missclassified ": 75127,
    "# Da misclassificare": 534900,
    "Accuracy Misclassified (%)": 14.04505515049542,
    "Recovery Rate (%)": 4.94120940649496,
    "# Misclassified Recovered": 353,
    "# Da recuperare": 7144,
    "Effetto Attacco (%)": 13.793752282848109,
    "FAR (%)": 43.8473629447056,
    "AUC": 0.5464383366390576,
    "Total Samples": 680723,
    "Total adv samples": 542086,
    "True Positive": 460126,
    "True Negative": 38044,
    "False Positive": 100635,
    "False Negative": 81918
}