{
    "Audio ambientale": "pioggia",
    "snr": 35.0,
    "Threshold Modello Originale": 0.714,
    "EER (%)": 22.472100339024877,
    "min_DCF": 0.6450029356076635,
    "Accuracy (%)": 83.6434203045879,
    "Recall (%)": 98.0245146150497,
    "Precision (%)": 84.07600981690616,
    "# Correctly Missclassified ": 5068,
    "# Da misclassificare": 534900,
    "Accuracy Misclassified (%)": 0.9474668162273322,
    "Recovery Rate (%)": 21.052631578947366,
    "# Misclassified Recovered": 1504,
    "# Da recuperare": 7144,
    "Effetto Attacco (%)": 0.6574602553838321,
    "FAR (%)": 22.472160931584888,
    "AUC": 0.8364019588729384,
    "Total Samples": 680723,
    "Total adv samples": 542086,
    "True Positive": 531336,
    "True Negative": 38044,
    "False Positive": 100635,
    "False Negative": 10708
}