{
    "Audio ambientale": "pioggia",
    "snr": 25.0,
    "Threshold Modello Originale": 0.714,
    "EER (%)": 28.72460700557418,
    "min_DCF": 0.8114098773477387,
    "Accuracy (%)": 81.58986841931299,
    "Recall (%)": 95.44557268413635,
    "Precision (%)": 83.7158086188818,
    "# Correctly Missclassified ": 18159,
    "# Da misclassificare": 534900,
    "Accuracy Misclassified (%)": 3.3948401570386992,
    "Recovery Rate (%)": 8.622620380739082,
    "# Misclassified Recovered": 616,
    "# Da recuperare": 7144,
    "Effetto Attacco (%)": 3.236202373793088,
    "FAR (%)": 28.72460538258887,
    "AUC": 0.7601035557712672,
    "Total Samples": 680723,
    "Total adv samples": 542086,
    "True Positive": 517357,
    "True Negative": 38044,
    "False Positive": 100635,
    "False Negative": 24687
}