{
    "Audio ambientale": "pioggia",
    "snr": 15.0,
    "Threshold Modello Originale": 0.714,
    "EER (%)": 37.68700504233848,
    "min_DCF": 1.0,
    "Accuracy (%)": 76.98711517019404,
    "Recall (%)": 89.66523012891943,
    "Precision (%)": 82.84611188763509,
    "# Correctly Missclassified ": 49204,
    "# Da misclassificare": 534900,
    "Accuracy Misclassified (%)": 9.198728734342868,
    "Recovery Rate (%)": 4.605263157894736,
    "# Misclassified Recovered": 329,
    "# Da recuperare": 7144,
    "Effetto Attacco (%)": 9.016097076847585,
    "FAR (%)": 37.68697744094575,
    "AUC": 0.6311709701576266,
    "Total Samples": 680723,
    "Total adv samples": 542086,
    "True Positive": 486025,
    "True Negative": 38044,
    "False Positive": 100635,
    "False Negative": 56019
}