{
    "Audio ambientale": "vento",
    "snr": 15.0,
    "Threshold Modello Originale": 0.714,
    "EER (%)": 39.35847353017995,
    "min_DCF": 1.0,
    "Accuracy (%)": 76.91748332287877,
    "Recall (%)": 89.57778335338091,
    "Precision (%)": 82.83224096106014,
    "# Correctly Missclassified ": 49805,
    "# Da misclassificare": 534900,
    "Accuracy Misclassified (%)": 9.31108618433352,
    "Recovery Rate (%)": 6.382978723404255,
    "# Misclassified Recovered": 456,
    "# Da recuperare": 7144,
    "Effetto Attacco (%)": 9.103537077142741,
    "FAR (%)": 39.358428467061714,
    "AUC": 0.6177764269912603,
    "Total Samples": 680723,
    "Total adv samples": 542086,
    "True Positive": 485551,
    "True Negative": 38044,
    "False Positive": 100635,
    "False Negative": 56493
}