{
    "Audio ambientale": "vento",
    "snr": 10.0,
    "Threshold Modello Originale": 0.714,
    "EER (%)": 43.22869277327691,
    "min_DCF": 1.0,
    "Accuracy (%)": 75.25160748204482,
    "Recall (%)": 87.48570226771258,
    "Precision (%)": 82.49357219150868,
    "# Correctly Missclassified ": 61263,
    "# Da misclassificare": 534900,
    "Accuracy Misclassified (%)": 11.453168816601234,
    "Recovery Rate (%)": 8.03471444568869,
    "# Misclassified Recovered": 574,
    "# Da recuperare": 7144,
    "Effetto Attacco (%)": 11.195456071545843,
    "FAR (%)": 43.22877847554811,
    "AUC": 0.5613407592485719,
    "Total Samples": 680723,
    "Total adv samples": 542086,
    "True Positive": 474211,
    "True Negative": 38044,
    "False Positive": 100635,
    "False Negative": 67833
}