{
    "Audio ambientale": "vento",
    "snr": 35.0,
    "Threshold Modello Originale": 0.714,
    "EER (%)": 21.750791412825976,
    "min_DCF": 0.6252782953005062,
    "Accuracy (%)": 84.2051759673171,
    "Recall (%)": 98.72999239914103,
    "Precision (%)": 84.17178493067735,
    "# Correctly Missclassified ": 2712,
    "# Da misclassificare": 534900,
    "Accuracy Misclassified (%)": 0.5070106561974201,
    "Recovery Rate (%)": 41.6013437849944,
    "# Misclassified Recovered": 2972,
    "# Da recuperare": 7144,
    "Effetto Attacco (%)": -0.04796286936021222,
    "FAR (%)": 21.75063278995801,
    "AUC": 0.8504699121932793,
    "Total Samples": 680723,
    "Total adv samples": 542086,
    "True Positive": 535160,
    "True Negative": 38044,
    "False Positive": 100635,
    "False Negative": 6884
}