{
    "Audio ambientale": "vento",
    "snr": 25.0,
    "Threshold Modello Originale": 0.714,
    "EER (%)": 29.32756629078972,
    "min_DCF": 0.824567943829894,
    "Accuracy (%)": 81.7076843297494,
    "Recall (%)": 95.59353115245257,
    "Precision (%)": 83.73691406186873,
    "# Correctly Missclassified ": 17755,
    "# Da misclassificare": 534900,
    "Accuracy Misclassified (%)": 3.319312020938493,
    "Recovery Rate (%)": 14.193729003359461,
    "# Misclassified Recovered": 1014,
    "# Da recuperare": 7144,
    "Effetto Attacco (%)": 3.0882553690742798,
    "FAR (%)": 29.327692954815475,
    "AUC": 0.7605717089092168,
    "Total Samples": 680723,
    "Total adv samples": 542086,
    "True Positive": 518159,
    "True Negative": 38044,
    "False Positive": 100635,
    "False Negative": 23885
}