{
    "Audio ambientale": "bambini",
    "snr": 25.0,
    "Threshold Modello Originale": 0.714,
    "EER (%)": 24.825668235974383,
    "min_DCF": 0.7082351330158996,
    "Accuracy (%)": 83.56791235201396,
    "Recall (%)": 97.9296883647822,
    "Precision (%)": 84.0630478401538,
    "# Correctly Missclassified ": 6513,
    "# Da misclassificare": 534900,
    "Accuracy Misclassified (%)": 1.2176107683679191,
    "Recovery Rate (%)": 34.08454647256439,
    "# Misclassified Recovered": 2435,
    "# Da recuperare": 7144,
    "Effetto Attacco (%)": 0.7522791586574824,
    "FAR (%)": 24.82565990952764,
    "AUC": 0.8121251944350165,
    "Total Samples": 680723,
    "Total adv samples": 542086,
    "True Positive": 530822,
    "True Negative": 38044,
    "False Positive": 100635,
    "False Negative": 11222
}