{
    "Audio ambientale": "bambini",
    "snr": 10.0,
    "Threshold Modello Originale": 0.714,
    "EER (%)": 38.65184721925187,
    "min_DCF": 1.0,
    "Accuracy (%)": 78.78417506092786,
    "Recall (%)": 91.92205798791242,
    "Precision (%)": 83.19649753795754,
    "# Correctly Missclassified ": 37552,
    "# Da misclassificare": 534900,
    "Accuracy Misclassified (%)": 7.020377640680501,
    "Recovery Rate (%)": 12.737961926091826,
    "# Misclassified Recovered": 910,
    "# Da recuperare": 7144,
    "Effetto Attacco (%)": 6.7594440734495995,
    "FAR (%)": 38.65184376176104,
    "AUC": 0.6270677336654031,
    "Total Samples": 680723,
    "Total adv samples": 542086,
    "True Positive": 498258,
    "True Negative": 38044,
    "False Positive": 100635,
    "False Negative": 43786
}