{
    "Audio ambientale": "bambini",
    "snr": 15.0,
    "Threshold Modello Originale": 0.714,
    "EER (%)": 33.67072288064952,
    "min_DCF": 0.9600433384840324,
    "Accuracy (%)": 80.77485261993498,
    "Recall (%)": 94.4220395392256,
    "Precision (%)": 83.56829359092424,
    "# Correctly Missclassified ": 24291,
    "# Da misclassificare": 534900,
    "Accuracy Misclassified (%)": 4.54122265844083,
    "Recovery Rate (%)": 16.7973124300112,
    "# Misclassified Recovered": 1200,
    "# Da recuperare": 7144,
    "Effetto Attacco (%)": 4.259656216910232,
    "FAR (%)": 33.67088280656183,
    "AUC": 0.6976550053732682,
    "Total Samples": 680723,
    "Total adv samples": 542086,
    "True Positive": 511809,
    "True Negative": 38044,
    "False Positive": 100635,
    "False Negative": 30235
}