{
    "Audio ambientale": "bambini",
    "snr": 35.0,
    "Threshold Modello Originale": 0.714,
    "EER (%)": 21.219685494465633,
    "min_DCF": 0.6143964794493495,
    "Accuracy (%)": 84.21560605415125,
    "Recall (%)": 98.74309096678499,
    "Precision (%)": 84.17355228931882,
    "# Correctly Missclassified ": 2320,
    "# Da misclassificare": 534900,
    "Accuracy Misclassified (%)": 0.43372593008038884,
    "Recovery Rate (%)": 37.108062709966404,
    "# Misclassified Recovered": 2651,
    "# Da recuperare": 7144,
    "Effetto Attacco (%)": -0.061060422147039405,
    "FAR (%)": 21.21986407007549,
    "AUC": 0.847915973968667,
    "Total Samples": 680723,
    "Total adv samples": 542086,
    "True Positive": 535231,
    "True Negative": 38044,
    "False Positive": 100635,
    "False Negative": 6813
}