{
    "Audio ambientale": "vento",
    "snr": 10.0,
    "Threshold Modello Originale": 0.714,
    "EER (%)": 50.81357617030389,
    "min_DCF": 1.0,
    "Accuracy (%)": 32.102632054447994,
    "Recall (%)": 23.899351344171322,
    "Precision (%)": 72.27500711340724,
    "# Correctly Missclassified ": 312323,
    "# Da misclassificare": 434960,
    "Accuracy Misclassified (%)": 71.80499356262645,
    "Recovery Rate (%)": 6.451010421725001,
    "# Misclassified Recovered": 6908,
    "# Da recuperare": 107084,
    "Effetto Attacco (%)": 56.34069132942005,
    "FAR (%)": 50.81340260200279,
    "AUC": 0.4769690287197115,
    "Total Samples": 680723,
    "Total adv samples": 542086,
    "True Positive": 129545,
    "True Negative": 88985,
    "False Positive": 49694,
    "False Negative": 412499
}