{
    "Audio ambientale": "vento",
    "snr": 15.0,
    "Threshold Modello Originale": 0.714,
    "EER (%)": 43.972063315218016,
    "min_DCF": 1.0,
    "Accuracy (%)": 47.09610223247929,
    "Recall (%)": 42.72881906265912,
    "Precision (%)": 82.33435121559314,
    "# Correctly Missclassified ": 215335,
    "# Da misclassificare": 434960,
    "Accuracy Misclassified (%)": 49.50685120470848,
    "Recovery Rate (%)": 11.191214373762653,
    "# Misclassified Recovered": 11984,
    "# Da recuperare": 107084,
    "Effetto Attacco (%)": 37.51268248949429,
    "FAR (%)": 43.9720760676255,
    "AUC": 0.5738380789023075,
    "Total Samples": 680723,
    "Total adv samples": 542086,
    "True Positive": 231609,
    "True Negative": 88985,
    "False Positive": 49694,
    "False Negative": 310435
}