{
    "Audio ambientale": "vento",
    "snr": 25.0,
    "Threshold Modello Originale": 0.714,
    "EER (%)": 37.95087257019023,
    "min_DCF": 0.9999907756565888,
    "Accuracy (%)": 60.27532491189515,
    "Recall (%)": 59.27987395857163,
    "Precision (%)": 86.60600457660969,
    "# Correctly Missclassified ": 126832,
    "# Da misclassificare": 434960,
    "Accuracy Misclassified (%)": 29.15946293912084,
    "Recovery Rate (%)": 12.322102274849652,
    "# Misclassified Recovered": 13195,
    "# Da recuperare": 107084,
    "Effetto Attacco (%)": 20.962909944178598,
    "FAR (%)": 37.9507936625071,
    "AUC": 0.6567827479980218,
    "Total Samples": 680723,
    "Total adv samples": 542086,
    "True Positive": 321323,
    "True Negative": 88985,
    "False Positive": 49694,
    "False Negative": 220721
}