{
    "Audio ambientale": "vento",
    "snr": 35.0,
    "Threshold Modello Originale": 0.714,
    "EER (%)": 34.64185399458708,
    "min_DCF": 0.9375593089708694,
    "Accuracy (%)": 66.25558413627863,
    "Recall (%)": 66.79014987713174,
    "Precision (%)": 87.9303225931809,
    "# Correctly Missclassified ": 84643,
    "# Da misclassificare": 434960,
    "Accuracy Misclassified (%)": 19.459950340261173,
    "Recovery Rate (%)": 10.940009712001793,
    "# Misclassified Recovered": 11715,
    "# Da recuperare": 107084,
    "Effetto Attacco (%)": 13.453215910390604,
    "FAR (%)": 34.64183719402853,
    "AUC": 0.6992208140775003,
    "Total Samples": 680723,
    "Total adv samples": 542086,
    "True Positive": 362032,
    "True Negative": 88985,
    "False Positive": 49694,
    "False Negative": 180012
}