{
    "Audio ambientale": "pioggia",
    "snr": 10.0,
    "Threshold Modello Originale": 0.714,
    "EER (%)": 40.416316684230694,
    "min_DCF": 1.0,
    "Accuracy (%)": 51.9209722603761,
    "Recall (%)": 48.788105762631815,
    "Precision (%)": 84.1812909243125,
    "# Correctly Missclassified ": 193125,
    "# Da misclassificare": 434960,
    "Accuracy Misclassified (%)": 44.40063454110722,
    "Recovery Rate (%)": 21.12173620708976,
    "# Misclassified Recovered": 22618,
    "# Da recuperare": 107084,
    "Effetto Attacco (%)": 31.453865253852708,
    "FAR (%)": 40.41627616946226,
    "AUC": 0.6244567891129167,
    "Total Samples": 680723,
    "Total adv samples": 542086,
    "True Positive": 264453,
    "True Negative": 88985,
    "False Positive": 49694,
    "False Negative": 277591
}