{
    "Audio ambientale": "pioggia",
    "snr": 35.0,
    "Threshold Modello Originale": 0.714,
    "EER (%)": 31.826836561475858,
    "min_DCF": 0.889252171874506,
    "Accuracy (%)": 71.32842580609147,
    "Recall (%)": 73.16085041066776,
    "Precision (%)": 88.86428926764339,
    "# Correctly Missclassified ": 60940,
    "# Da misclassificare": 434960,
    "Accuracy Misclassified (%)": 14.010483722641162,
    "Recovery Rate (%)": 21.052631578947366,
    "# Misclassified Recovered": 22544,
    "# Da recuperare": 107084,
    "Effetto Attacco (%)": 7.08300896905657,
    "FAR (%)": 31.826936558655756,
    "AUC": 0.7384081983780606,
    "Total Samples": 680723,
    "Total adv samples": 542086,
    "True Positive": 396564,
    "True Negative": 88985,
    "False Positive": 49694,
    "False Negative": 145480
}