{
    "Audio ambientale": "pioggia",
    "snr": 25.0,
    "Threshold Modello Originale": 0.714,
    "EER (%)": 32.66384535571204,
    "min_DCF": 0.9302884666401455,
    "Accuracy (%)": 70.39383126469944,
    "Recall (%)": 71.9871449550221,
    "Precision (%)": 88.70323894738756,
    "# Correctly Missclassified ": 75876,
    "# Da misclassificare": 434960,
    "Accuracy Misclassified (%)": 17.44436270001839,
    "Recovery Rate (%)": 29.059429980202456,
    "# Misclassified Recovered": 31118,
    "# Da recuperare": 107084,
    "Effetto Attacco (%)": 8.25662348778607,
    "FAR (%)": 32.66376899292308,
    "AUC": 0.7293001409327698,
    "Total Samples": 680723,
    "Total adv samples": 542086,
    "True Positive": 390202,
    "True Negative": 88985,
    "False Positive": 49694,
    "False Negative": 151842
}