{
    "Audio ambientale": "pioggia",
    "snr": 15.0,
    "Threshold Modello Originale": 0.714,
    "EER (%)": 36.18211823709451,
    "min_DCF": 1.0,
    "Accuracy (%)": 63.32781469114456,
    "Recall (%)": 63.11332659341308,
    "Precision (%)": 87.31635851310375,
    "# Correctly Missclassified ": 123140,
    "# Da misclassificare": 434960,
    "Accuracy Misclassified (%)": 28.31064925510392,
    "Recovery Rate (%)": 28.27873445145867,
    "# Misclassified Recovered": 30282,
    "# Da recuperare": 107084,
    "Effetto Attacco (%)": 17.12975431942533,
    "FAR (%)": 36.182118056836714,
    "AUC": 0.6845699848342224,
    "Total Samples": 680723,
    "Total adv samples": 542086,
    "True Positive": 342102,
    "True Negative": 88985,
    "False Positive": 49694,
    "False Negative": 199942
}