{
    "Audio ambientale": "folla",
    "snr": 35.0,
    "Threshold Modello Originale": 0.714,
    "EER (%)": 21.336299367962976,
    "min_DCF": 0.6170402784525683,
    "Accuracy (%)": 84.16918482260772,
    "Recall (%)": 98.68479311642598,
    "Precision (%)": 84.16568326646212,
    "# Correctly Missclassified ": 2404,
    "# Da misclassificare": 534900,
    "Accuracy Misclassified (%)": 0.44942979996260984,
    "Recovery Rate (%)": 33.860582306830906,
    "# Misclassified Recovered": 2419,
    "# Da recuperare": 7144,
    "Effetto Attacco (%)": -0.00276708861693532,
    "FAR (%)": 21.33627528392529,
    "AUC": 0.8493619460740636,
    "Total Samples": 680723,
    "Total adv samples": 542086,
    "True Positive": 534915,
    "True Negative": 38044,
    "False Positive": 100635,
    "False Negative": 7129
}