{
    "Audio ambientale": "folla",
    "snr": 25.0,
    "Threshold Modello Originale": 0.714,
    "EER (%)": 25.60933835845357,
    "min_DCF": 0.7265919706806026,
    "Accuracy (%)": 83.07593543923151,
    "Recall (%)": 97.31184184309761,
    "Precision (%)": 83.97807383443612,
    "# Correctly Missclassified ": 9413,
    "# Da misclassificare": 534900,
    "Accuracy Misclassified (%)": 1.7597681809684054,
    "Recovery Rate (%)": 27.799552071668533,
    "# Misclassified Recovered": 1986,
    "# Da recuperare": 7144,
    "Effetto Attacco (%)": 1.3700778105319082,
    "FAR (%)": 25.609175638878025,
    "AUC": 0.8034090374423071,
    "Total Samples": 680723,
    "Total adv samples": 542086,
    "True Positive": 527473,
    "True Negative": 38044,
    "False Positive": 100635,
    "False Negative": 14571
}