{
    "Audio ambientale": "folla",
    "snr": 10.0,
    "Threshold Modello Originale": 0.714,
    "EER (%)": 34.94182847829413,
    "min_DCF": 1.0,
    "Accuracy (%)": 80.8513888909292,
    "Recall (%)": 94.51815719757067,
    "Precision (%)": 83.58225999853173,
    "# Correctly Missclassified ": 25165,
    "# Da misclassificare": 534900,
    "Accuracy Misclassified (%)": 4.704617685548701,
    "Recovery Rate (%)": 36.32418812989921,
    "# Misclassified Recovered": 2595,
    "# Da recuperare": 7144,
    "Effetto Attacco (%)": 4.163546005615345,
    "FAR (%)": 34.94181284176192,
    "AUC": 0.6765719285255222,
    "Total Samples": 680723,
    "Total adv samples": 542086,
    "True Positive": 512330,
    "True Negative": 38044,
    "False Positive": 100635,
    "False Negative": 29714
}