{
    "Audio ambientale": "folla",
    "snr": 15.0,
    "Threshold Modello Originale": 0.714,
    "EER (%)": 32.34299156314412,
    "min_DCF": 0.9213513999744518,
    "Accuracy (%)": 81.27520298271102,
    "Recall (%)": 95.05040181239899,
    "Precision (%)": 83.65917025249655,
    "# Correctly Missclassified ": 21742,
    "# Da misclassificare": 534900,
    "Accuracy Misclassified (%)": 4.064684987848196,
    "Recovery Rate (%)": 28.793393057110862,
    "# Misclassified Recovered": 2057,
    "# Da recuperare": 7144,
    "Effetto Attacco (%)": 3.6313426282914523,
    "FAR (%)": 32.3429463290803,
    "AUC": 0.7166966220071271,
    "Total Samples": 680723,
    "Total adv samples": 542086,
    "True Positive": 515215,
    "True Negative": 38044,
    "False Positive": 100635,
    "False Negative": 26829
}