{
    "Audio ambientale": "bambini",
    "snr": 35.0,
    "Threshold Modello Originale": 0.714,
    "EER (%)": 31.603176370728075,
    "min_DCF": 0.8692139474272823,
    "Accuracy (%)": 71.33591784029628,
    "Recall (%)": 73.17025924094723,
    "Precision (%)": 88.86556175205968,
    "# Correctly Missclassified ": 53298,
    "# Da misclassificare": 434960,
    "Accuracy Misclassified (%)": 12.253540555453375,
    "Recovery Rate (%)": 13.963804116394607,
    "# Misclassified Recovered": 14953,
    "# Da recuperare": 107084,
    "Effetto Attacco (%)": 7.073600867758991,
    "FAR (%)": 31.603153987499173,
    "AUC": 0.7386208194504542,
    "Total Samples": 680723,
    "Total adv samples": 542086,
    "True Positive": 396615,
    "True Negative": 88985,
    "False Positive": 49694,
    "False Negative": 145429
}