{
    "Audio ambientale": "bambini",
    "snr": 10.0,
    "Threshold Modello Originale": 0.714,
    "EER (%)": 45.95143874784261,
    "min_DCF": 1.0,
    "Accuracy (%)": 43.89538769807984,
    "Recall (%)": 38.70921917777893,
    "Precision (%)": 80.85120320598038,
    "# Correctly Missclassified ": 238601,
    "# Da misclassificare": 434960,
    "Accuracy Misclassified (%)": 54.85584881368402,
    "Recovery Rate (%)": 12.571439243958013,
    "# Misclassified Recovered": 13462,
    "# Da recuperare": 107084,
    "Effetto Attacco (%)": 41.53197094188007,
    "FAR (%)": 45.95143567680853,
    "AUC": 0.5440840790791132,
    "Total Samples": 680723,
    "Total adv samples": 542086,
    "True Positive": 209821,
    "True Negative": 88985,
    "False Positive": 49694,
    "False Negative": 332223
}