{
    "Audio ambientale": "bambini",
    "snr": 25.0,
    "Threshold Modello Originale": 0.714,
    "EER (%)": 33.24081870192387,
    "min_DCF": 0.9275232580766514,
    "Accuracy (%)": 68.78921382118718,
    "Recall (%)": 69.97199489340349,
    "Precision (%)": 88.41558792744532,
    "# Correctly Missclassified ": 78424,
    "# Da misclassificare": 434960,
    "Accuracy Misclassified (%)": 18.03016369321317,
    "Recovery Rate (%)": 21.23846699787083,
    "# Misclassified Recovered": 22743,
    "# Da recuperare": 107084,
    "Effetto Attacco (%)": 10.271617418638371,
    "FAR (%)": 33.24084391673001,
    "AUC": 0.7164198361441496,
    "Total Samples": 680723,
    "Total adv samples": 542086,
    "True Positive": 379279,
    "True Negative": 88985,
    "False Positive": 49694,
    "False Negative": 162765
}