{
    "Audio ambientale": "bambini",
    "snr": 15.0,
    "Threshold Modello Originale": 0.714,
    "EER (%)": 40.05507106769058,
    "min_DCF": 1.0,
    "Accuracy (%)": 55.97548488886082,
    "Recall (%)": 53.87994332563408,
    "Precision (%)": 85.45883358156765,
    "# Correctly Missclassified ": 161478,
    "# Da misclassificare": 434960,
    "Accuracy Misclassified (%)": 37.124793084421555,
    "Recovery Rate (%)": 17.342460124761867,
    "# Misclassified Recovered": 18571,
    "# Da recuperare": 107084,
    "Effetto Attacco (%)": 26.36242219869172,
    "FAR (%)": 40.05505088147825,
    "AUC": 0.6246569603714542,
    "Total Samples": 680723,
    "Total adv samples": 542086,
    "True Positive": 292053,
    "True Negative": 88985,
    "False Positive": 49694,
    "False Negative": 249991
}